title,description,test_type,priority,status,preconditions,step_1_action,step_1_expected,step_2_action,step_2_expected,step_3_action,step_3_expected,step_4_action,step_4_expected,step_5_action,step_5_expected,tags,suite_name
"Verify destination table displays all destinations with SEO content","Validate that the destination table renders with all destinations that have SEO content and all data matches CMS records","functional_web","high","ready","Admin is logged into CMS dashboard; Navigate to Content Management System > SEO Content Management","Navigate to Destination Table page","Page loads successfully","Observe the table content","Table renders with all destinations that have SEO content","Verify data accuracy","All data matches CMS records accurately","","","","","destination,table,cms","Destination Management"
"Verify search functionality filters destinations by name","Test that typing in search field filters destination results instantly with partial name matching","functional_web","high","ready","Destination table is displayed with multiple entries","Locate the search input field","Search field is visible and active","Type partial country name (e.g. Thai)","Search filters results instantly","Observe filtered results","Results show destinations matching 'Thai' (e.g. Thailand); Partial name matches are supported","","","","","destination,search,cms","Destination Management"
"Verify destination table default sorting by last updated","Validate that destination table loads sorted by Last Updated column in descending order","functional_web","medium","ready","Destination table contains multiple entries with different update times","Load the Destination Table page","Page loads successfully","Observe the default order of destinations","Table is sorted by Last Updated column","Verify most recent first","Most recently updated destination appears first","","","","","destination,sorting,cms","Destination Management"
"Verify Add New Destination button opens dialog","Test that clicking Add New Destination button opens the country selection dialog","functional_web","high","ready","User is viewing the Destination Table","Locate the Add New Destination button","Button is visible on page","Click the button","New destination dialog opens","Observe dialog content","Dialog displays country selection interface","","","","","destination,dialog,cms","Destination Management"
"Verify status toggle switches between Live and Hidden","Validate that status toggle updates immediately and reflects on frontend correctly","functional_web","critical","ready","At least one destination exists in the table","Locate a destination with Hidden status","Destination row is visible","Click the status toggle switch","Toggle updates immediately to Live","Verify on frontend website","Live destinations appear on frontend; Hidden destinations do not appear on frontend","","","","","destination,status,toggle,cms","Destination Management"
"Verify Edit action opens content editor for selected destination","Test that clicking Edit button navigates to the correct destination content management page","functional_web","high","ready","Multiple destinations exist in the table","Locate a destination row","Row is visible","Click the Edit action button","System opens content editor","Verify correct destination","Editor displays content for the selected destination","","","","","destination,edit,cms","Destination Management"
"Verify Delete action removes destination permanently","Validate that Delete action removes destination from CMS and frontend permanently","functional_web","high","ready","At least one test destination exists that can be deleted","Select a destination to delete","Destination is selected","Click Delete action","Confirmation dialog appears","Confirm deletion in confirmation dialog","Destination is removed from CMS table","Check frontend website","Destination no longer appears on frontend","","","destination,delete,cms","Destination Management"
"Verify error state when no search results found","Test that appropriate error message displays when search returns no matches","functional_web","medium","ready","Destination table contains data","Type non-existent country name in search (e.g. ZZZZZ)","Text is entered in search field","Observe the result","System displays No results found message","Verify message visibility","Message is clearly visible to user","","","","","destination,search,error,cms","Destination Management"
"Verify country list loads from price config","Validate that Add New Destination dialog displays all countries from backend price configuration","functional_web","high","ready","Click Add New Destination button to open dialog","Observe the country list in the dialog","List displays all countries","Verify countries match backend price config","Data matches backend accurately","","","","","","","destination,country,dialog,cms","Destination Management"
"Verify countries are sorted alphabetically by default","Test that country list in dialog displays in alphabetical order A-Z","functional_web","low","ready","Add New Destination dialog is open","Observe the order of countries in the list","Countries are sorted A-Z by name","Verify first entry","Afghanistan or similar appears first alphabetically","","","","","","","destination,country,sorting,cms","Destination Management"
"Verify search filters country list instantly","Validate that typing in country search field filters list instantly with partial matching","functional_web","medium","ready","Dialog is open with full country list visible","Type partial country name in search field (e.g. indo)","Search field accepts input","Observe filtering behavior","List filters instantly as user types","Verify results","Partial matches are displayed (e.g. Indonesia)","","","","","destination,country,search,cms","Destination Management"
"Verify error state when country search has no matches","Test that appropriate error message displays when country search returns no results","functional_web","medium","ready","Dialog is open with search field available","Type non-existent country name (e.g. ZZZZZ)","Text is entered","Observe the result","System displays No results found message clearly","","","","","","","destination,country,search,error,cms","Destination Management"
"Verify already added countries show as Added","Validate that previously added countries display Added label in the selection list","functional_web","medium","ready","Some countries are already added as destinations","Scroll through country list","List is scrollable","Locate countries that were previously added","Previously added countries display Added label","Verify visual distinction","These countries are visually distinct from available ones","","","","","destination,country,added,cms","Destination Management"
"Verify already added countries are disabled/unselectable","Test that countries marked as Added cannot be selected again","functional_web","high","ready","Dialog displays countries with some marked as Added","Try to select a country marked as Added","Country cannot be selected","Verify radio button state","Radio button is disabled","Observe behavior","No selection occurs","","","","","destination,country,disabled,cms","Destination Management"
"Verify only one country can be selected at a time","Validate that radio button behavior allows only single country selection","functional_web","medium","ready","Dialog is open with multiple available countries","Select first available country","First country is selected","Attempt to select second country","Selecting new country deselects previous one","Verify radio button behavior","Radio button behavior is correct; only one selected","","","","","destination,country,selection,cms","Destination Management"
"Verify Add button is disabled by default","Test that Add button is in disabled state when dialog opens with no selection","functional_web","medium","ready","Dialog just opened with no country selected","Observe the Add button state","Add button is disabled","Verify visual state","Button appears grayed out or inactive","","","","","","","destination,dialog,button,cms","Destination Management"
"Verify Add button enables when country is selected","Validate that Add button becomes enabled after country selection","functional_web","high","ready","Dialog is open with Add button disabled","Select any available country","Country is selected via radio button","Observe Add button state change","Add button becomes enabled","Verify button is clickable","Button is clickable and active","","","","","destination,dialog,button,cms","Destination Management"
"Verify Add button redirects to content management page","Test that clicking Add button navigates to destination content editor","functional_web","high","ready","Country is selected and Add button is enabled","Click the Add button","Button click is registered","Observe navigation","System redirects to Content Management Page for the selected country","Verify correct context","Correct destination context is loaded","","","","","destination,dialog,redirect,cms","Destination Management"
"Verify sections table displays all added sections for country","Validate that sections table shows complete list of sections admin has added","functional_web","high","ready","User is on Content Management Page for specific destination; Some sections have been added","Navigate to Sections Tab","Tab is active","Observe the sections table","Table displays all sections that admin has added","Verify titles","Section titles match what will appear on frontend","","","","","section,table,cms","Section Management"
"Verify Add New Section button opens section type dialog","Test that clicking Add New Section button opens the selection dialog","functional_web","high","ready","User is viewing sections table","Click Add New Section button","Button click is registered","Observe the result","Section type selection dialog opens","Verify dialog content","Dialog displays 5 section types available","","","","","section,dialog,cms","Section Management"
"Verify drag-and-drop reordering of sections","Validate that sections can be reordered via drag-and-drop and order updates on frontend","functional_web","high","ready","Multiple sections exist in the table","Click and hold a section row","Row is grabbed","Drag to new position","Visual indicator shows drag operation","Release","Section moves to new position in table","Check frontend order","Frontend section order updates accordingly","","","section,reorder,drag-drop,cms","Section Management"
"Verify section status toggle between Live and Hide","Test that status toggle controls section visibility on frontend immediately","functional_web","critical","ready","Section exists with Live status","Click status toggle for a section","Toggle is clicked","Verify toggle updates to Hide","Toggle switches to Hide state","Check frontend website","Hide sections do not appear on frontend","Toggle back to Live and verify","Live sections appear on frontend","","","section,status,toggle,cms","Section Management"
"Verify last activity column shows correct status and timestamp","Validate that Last Activity column displays accurate status and timestamp","functional_web","medium","ready","Sections exist with various save states","Observe Last Activity column for multiple sections","Column is visible","Verify status matches actual state (Draft or Published)","Status is correct","Check timestamp accuracy","Timestamp reflects last save/publish action","","","","","section,status,timestamp,cms","Section Management"
"Verify Edit action opens section content editor","Test that clicking Edit button navigates to correct section editor","functional_web","high","ready","Multiple sections exist in table","Click Edit action for a specific section","Click is registered","Observe navigation","System opens content editor for the selected section","Verify content loaded","Correct section content is loaded","","","","","section,edit,cms","Section Management"
"Verify Delete action removes section permanently","Validate that Delete action removes section from CMS and frontend","functional_web","high","ready","At least one test section exists","Click Delete action for a section","Delete button is clicked","Confirm deletion","Confirmation dialog appears","Check sections table","Section is removed from CMS table","Check frontend","Section no longer appears on frontend website","","","section,delete,cms","Section Management"
"Verify sections table default sort by last updated","Test that sections table loads sorted by Last Updated in descending order","functional_web","low","ready","Multiple sections exist with different update times","Load sections table","Table loads successfully","Observe default ordering","Table is sorted by Last Updated in descending order","Verify most recent first","Most recent update appears first","","","","","section,sorting,cms","Section Management"
"Verify unlimited sections can be added","Validate that system allows adding unlimited number of sections without cap","functional_web","medium","ready","User has already added multiple sections","Add 10+ sections of various types","Sections are added successfully","Verify no limit is enforced","System allows adding unlimited sections","Check for errors","No maximum limit error appears","","","","","section,limit,cms","Section Management"
"Verify section type list displays all 5 types","Test that Add New Section dialog shows all available section types","functional_web","medium","ready","Add New Section dialog is open","Observe section type list","List is visible","Verify all types displayed","All 5 section types display correctly: Vertical Tabs, Carousel 1, Carousel 2, Accordions, Table","","","","","","","section,dialog,types,cms","Section Management"
"Verify only one section can be selected at a time","Validate that radio button allows only single section type selection","functional_web","medium","ready","Dialog displays all section types","Select first section type","First type is selected","Attempt to select second type","Selecting second deselects first","Observe behavior","Radio button behavior is correct; only one selected","","","","","section,dialog,selection,cms","Section Management"
"Verify Add button is enabled with first section pre-selected","Test that dialog opens with first section pre-selected and Add button active","functional_web","medium","ready","Dialog just opened","Observe initial state of dialog","Dialog is displayed","Check selection","First section type is pre-selected by default","Verify button state","Add button is active/enabled","","","","","section,dialog,default,cms","Section Management"
"Verify Add button creates section and redirects to editor","Validate that Add button creates section and navigates to content editor","functional_web","high","ready","Section type is selected","Click Add button","Button is clicked","Observe result","New section is created","Verify navigation","System redirects to section content editor; Correct section type is loaded","","","","","section,dialog,create,cms","Section Management"
"Verify section type field is read-only and displays correct value","Test that Section Type field shows fixed value and cannot be edited","functional_web","low","ready","User opened editor for Vertical Tabs section","Locate Section Type field","Field is visible","Attempt to edit the field","Field is non-editable/read-only","Verify value","Field displays Vertical Tabs","","","","","vertical-tabs,section-type,cms","Vertical Tabs Content"
"Verify last status shows Draft or Published correctly","Validate that Last Status field updates correctly after save/publish actions","functional_web","medium","ready","Section has been saved at least once","Observe Last Status field","Field is visible","Save as Draft and verify","Status updates correctly to Draft after saving","Publish and verify","Status updates to Published after publishing","","","","","vertical-tabs,status,cms","Vertical Tabs Content"
"Verify emojis can be added in all input fields","Test that emoji characters can be inserted and saved in all text fields","functional_web","medium","ready","Editor is open","Add emoji to Section Title field","Emoji is inserted","Add emoji to Subtitle field","Emoji is inserted","Add emoji to Topic fields","Emoji is inserted","Add emoji to SEO text","Emoji is inserted","Save","Emojis are saved without error; Emojis display correctly","vertical-tabs,emoji,cms","Vertical Tabs Content"
"Verify section title is mandatory and shows error when blank","Validate that empty section title triggers validation error and blocks publishing","functional_web","high","ready","Editor is open","Leave Section Title field empty","Field remains empty","Attempt to publish","Publish button is clicked","Observe validation","Error message appears indicating title is required; Publish action is blocked","","","","","vertical-tabs,validation,title,cms","Vertical Tabs Content"
"Verify section subtitle is optional","Test that section can be published without subtitle and subtitle area doesn't appear if empty","functional_web","medium","ready","Editor is open","Leave Subtitle field empty","Subtitle field is blank","Fill all mandatory fields","Required fields completed","Publish","Section publishes successfully without subtitle","Check frontend","Subtitle area does not appear on frontend if empty","","","vertical-tabs,subtitle,optional,cms","Vertical Tabs Content"
"Verify background color can be customized and has default","Validate that background color selector works with proper default and changes reflect on frontend","functional_web","medium","ready","Editor is open to new section","Observe default background color","First color in list is selected by default","Change background color to different option","Color picker shows new color","Save and check frontend","Color changes reflect on frontend correctly","","","","","vertical-tabs,color,cms","Vertical Tabs Content"
"Verify topic field is mandatory for each tab","Test that empty topic field triggers validation and prevents publishing","functional_web","high","ready","Editor displays vertical tabs","Leave Topic field empty for first tab","Topic field is blank","Attempt to publish","Publish button is clicked","Observe validation","Validation prevents publishing; Error indicates topic is required","","","","","vertical-tabs,validation,topic,cms","Vertical Tabs Content"
"Verify show/hide toggle for vertical tabs","Validate that toggle controls tab visibility on frontend correctly","functional_web","high","ready","Multiple tabs exist","Toggle a tab to Hide","Toggle switches to Hide state","Publish","Content is published","Check frontend","Hidden tabs do not display on frontend","Toggle to Show and verify","Shown tabs display correctly on frontend","","","vertical-tabs,toggle,visibility,cms","Vertical Tabs Content"
"Verify icon image upload with 100x100px PNG requirement","Test that icon upload validates format and dimensions correctly","functional_web","high","ready","Editor is open to tab content","Attempt to upload non-PNG file","Upload dialog opens","Observe validation","Invalid format shows error","Attempt to upload oversized image","Oversized image shows error","Upload valid 100x100px PNG","Valid PNG uploads successfully","Verify on frontend","Image displays correctly on frontend card","vertical-tabs,upload,image,validation,cms","Vertical Tabs Content"
"Verify SEO text is mandatory for visible tabs","Validate that visible tabs require SEO text and validation blocks publishing if missing","functional_web","high","ready","Tab toggle is set to Show","Leave SEO text empty","SEO text field is blank","Attempt to publish","Publish button is clicked","Observe validation","Validation prevents publishing; Error indicates SEO text is required for visible tabs","","","","","vertical-tabs,validation,seo-text,cms","Vertical Tabs Content"
"Verify rich-text editor supports formatting options","Test that all formatting options work correctly in SEO text editor","functional_web","medium","ready","SEO text editor is active","Apply bold formatting","Bold is applied","Apply italic formatting","Italic is applied","Apply underline","Underline is applied","Apply highlight","Highlight is applied","Add bullet points and hyperlink","Bullets and link work","Save and check frontend","All formatting options work correctly; Formatted text displays properly on frontend","vertical-tabs,rich-text,formatting,cms","Vertical Tabs Content"
"Verify background color and vertical tab line color customization","Validate that color pickers work and colors apply properly to frontend styling","functional_web","medium","ready","Editor is open","Select card background color","Color is selected","Select vertical tab line color","Color is selected","Save","Changes are saved","Check frontend styling","Colors apply properly to card and tab line on frontend","","","vertical-tabs,color,customization,cms","Vertical Tabs Content"
"Verify minimum 3 tabs required and first 3 undeletable","Test that validation enforces minimum 3 tabs and prevents deleting first 3","functional_web","high","ready","New section with default 3 tabs","Attempt to delete first tab","Delete option not available","Attempt to delete second tab","Delete option not available","Attempt to delete third tab","Delete option not available","Verify validation","Validation prevents having fewer than 3 tabs","","","vertical-tabs,validation,minimum,cms","Vertical Tabs Content"
"Verify Add New Tab button adds up to 2 more tabs (max 5 total)","Validate that Add New Tab button works correctly and disables at maximum","functional_web","high","ready","Section has 3 tabs currently","Click Add New Tab button","Button is clicked","Verify 4th tab appears","4th tab is added successfully","Click Add New Tab again","5th tab is added successfully","Observe button state","Button becomes disabled after 5th tab","","","vertical-tabs,add-tab,maximum,cms","Vertical Tabs Content"
"Verify Add New Tab button disabled after 5 tabs","Test that Add button is properly disabled when maximum tab count is reached","functional_web","medium","ready","Section already has 5 tabs","Observe Add New Tab button state","Button is visible","Verify disabled state","Button is disabled/grayed out","Check tooltip or message","Tooltip or message indicates maximum reached","","","","","vertical-tabs,add-tab,disabled,cms","Vertical Tabs Content"
"Verify only 4th and 5th tabs can be deleted","Validate that delete functionality is limited to tabs beyond minimum requirement","functional_web","high","ready","Section has 5 tabs total","Check delete button availability for each tab","First 3 tabs have no delete button","Delete 5th tab","5th tab is deleted successfully; Deletion removes tab instantly","Delete 4th tab","4th tab is deleted","Verify cannot delete 3rd tab","3rd tab cannot be deleted","","","vertical-tabs,delete-tab,cms","Vertical Tabs Content"
"Verify maximum 5 tabs validation","Test that system enforces maximum tab limit and prevents exceeding 5 tabs","functional_web","medium","ready","Section has 5 tabs","Verify no option to add 6th tab","Add button is disabled","Attempt workarounds if any","No workaround available","Verify validation","Cannot exceed 5 tabs; Validation enforces limit","","","","","vertical-tabs,validation,maximum,cms","Vertical Tabs Content"
"Verify Save as Draft button saves all content","Validate that Save as Draft preserves all entered content and status updates","functional_web","critical","ready","Editor has content entered","Fill in section content","Content is entered in fields","Click Save as Draft","Button is clicked","Navigate away","User leaves page","Return to section","All progress is saved; Last Status shows Draft; Content persists when returning","","","vertical-tabs,save-draft,cms","Vertical Tabs Content"
"Verify auto-save functionality every X seconds","Test that content auto-saves at specified interval to prevent data loss","functional_web","high","ready","Editor is open with content being entered","Enter content in various fields","Content is being typed","Wait for auto-save interval","Time passes","Observe save indication","Content auto-saves at specified interval; Save indicator appears","Refresh page","No data loss occurs","","","vertical-tabs,auto-save,cms","Vertical Tabs Content"
"Verify Publish Live button publishes content to frontend","Validate that Publish action makes content immediately visible on website","functional_web","critical","ready","All mandatory fields are filled correctly","Click Publish Live button","Button is clicked","Verify Last Status changes","Content publishes successfully; Last Status updates to Published","Check frontend website","Section appears on frontend immediately","","","","","vertical-tabs,publish,cms","Vertical Tabs Content"
"Verify publish validation blocks incomplete content","Test that publish validation enforces all mandatory requirements and shows clear errors","functional_web","high","ready","Section has some required fields empty","Leave mandatory fields blank (title, topic, SEO text)","Fields are empty","Attempt to publish","Publish button is clicked","Observe validation","Validation blocks publishing; Clear error message displays indicating missing fields; Section remains in draft state","","","","","vertical-tabs,validation,publish,cms","Vertical Tabs Content"
"Verify publish requires at least 3 tabs with Show toggle active","Validate that minimum visible tabs validation prevents publishing with fewer than 3 shown","functional_web","high","ready","Section has 3+ tabs but some are hidden","Set only 2 tabs to Show","Only 2 tabs are visible","Attempt to publish","Publish button is clicked","Observe validation","Validation prevents publishing; Error indicates minimum 3 visible tabs required","","","","","vertical-tabs,validation,visible-tabs,cms","Vertical Tabs Content"
"Verify all mandatory fields validation for visible tabs only","Test that validation applies only to visible tabs and ignores hidden tabs","functional_web","high","ready","Section has mix of shown and hidden tabs","Hide one tab (toggle to Hide)","Tab is hidden","Leave its mandatory fields empty","Hidden tab has incomplete data","Ensure visible tabs are complete","Visible tabs have all required fields","Publish","Hidden tabs are not validated; Only shown tabs require complete mandatory fields; Publish succeeds","","","vertical-tabs,validation,visible-only,cms","Vertical Tabs Content"
"Verify section type displays fixed value Carousel 1","Test that Section Type field shows Carousel 1 as read-only value","functional_web","low","ready","User opened editor for Carousel 1 section","Locate Section Type field","Field is visible","Verify value and editability","Field displays Carousel 1; Field is non-editable","","","","","","","carousel-1,section-type,cms","Carousel 1 Content"
"Verify Carousel 1 last status reflects Draft or Published","Validate that Last Status field updates correctly after save/publish for Carousel 1","functional_web","medium","ready","Section has been saved/published","Save as draft and check status","Status correctly updates to Draft","Publish and check status","Status updates to Published after respective actions","","","","","","","carousel-1,status,cms","Carousel 1 Content"
"Verify emoji support in Carousel 1 input fields","Test that emojis can be inserted and saved without error in Carousel 1","functional_web","medium","ready","Editor is open","Add emojis to title","Emoji inserted","Add emojis to subtitle","Emoji inserted","Add emojis to SEO text","Emoji inserted","Save and verify","Emojis can be inserted without error; Emojis save and display correctly","","","carousel-1,emoji,cms","Carousel 1 Content"
"Verify Carousel 1 section title is mandatory","Validate that empty section title triggers validation error for Carousel 1","functional_web","high","ready","Editor is open","Leave section title empty","Title field is blank","Fill other required fields","Other fields completed","Attempt to publish","Validation blocks publishing; Error indicates title is required","","","","","carousel-1,validation,title,cms","Carousel 1 Content"
"Verify Carousel 1 section subtitle is optional","Test that Carousel 1 can be published without subtitle","functional_web","medium","ready","Editor is open","Leave subtitle empty","Subtitle is blank","Complete all mandatory fields","Required fields filled","Publish and check frontend","Publishes successfully without subtitle; Subtitle area does not show on frontend if empty","","","","","carousel-1,subtitle,optional,cms","Carousel 1 Content"
"Verify Carousel 1 card show/hide toggle","Validate that card visibility toggle works correctly for Carousel 1","functional_web","high","ready","Multiple cards exist","Toggle card to Hide","Card is hidden","Publish","Content published","Check frontend","Hidden cards do not appear on frontend","Toggle to Show and verify","Shown cards display correctly","","","carousel-1,toggle,visibility,cms","Carousel 1 Content"
"Verify Carousel 1 image upload with 500x500px PNG requirement","Test that image upload validates format and dimensions for Carousel 1 cards","functional_web","high","ready","Editor is open to card content","Upload non-PNG file","Invalid formats rejected","Upload oversized image","Oversized images rejected","Upload valid 500x500px PNG","Valid PNG uploads successfully","Check frontend","Image displays correctly on frontend","","","carousel-1,upload,image,validation,cms","Carousel 1 Content"
"Verify Carousel 1 card title is mandatory and supports two links","Test that card title validation works and link support functions correctly","functional_web","high","ready","Editor is open to card","Leave title empty and attempt to publish","Empty title blocks publishing","Enter title with title link 1","Title with link 1 saved","Enter title with title link 2","Title with link 2 saved","Save and check frontend","Title with links saves correctly; Links function on frontend","","","carousel-1,validation,title,links,cms","Carousel 1 Content"
"Verify Carousel 1 card subtitle is optional","Test that card subtitle can be left empty in Carousel 1","functional_web","medium","ready","Editor is open","Leave card subtitle empty","Subtitle is blank","Complete mandatory fields","Required fields filled","Publish","Publishes without subtitle; Subtitle area does not show if empty","","","","","carousel-1,subtitle,optional,cms","Carousel 1 Content"
"Verify Carousel 1 SEO text is mandatory for visible cards","Validate that SEO text validation works for visible Carousel 1 cards","functional_web","high","ready","Card toggle is set to Show","Leave SEO text empty","SEO text is blank","Attempt to publish","Publish clicked","Observe validation","Validation prevents publishing; Error indicates SEO text required","","","","","carousel-1,validation,seo-text,cms","Carousel 1 Content"
"Verify Carousel 1 SEO text rich-text editor functionality","Test that all formatting options work in Carousel 1 SEO text editor","functional_web","medium","ready","SEO text editor is active","Test bold, italic, underline, highlight","All basic formatting works","Add bullets and links","Lists and hyperlinks work","Save and verify frontend","All formatting options work; Formatting displays correctly on frontend","","","","","carousel-1,rich-text,formatting,cms","Carousel 1 Content"
"Verify Carousel 1 allows unlimited cards to be added","Validate that system allows adding unlimited number of cards in Carousel 1","functional_web","medium","ready","Section exists with 3 cards","Click Add New Card multiple times (10+)","Cards are added successfully","Verify no limit is enforced","System allows adding unlimited cards; No maximum card error appears","","","","","","","carousel-1,add-card,unlimited,cms","Carousel 1 Content"
"Verify Carousel 1 requires minimum 3 cards","Test that first 3 cards cannot be deleted and minimum is enforced","functional_web","high","ready","New section with 3 cards","Attempt to delete first 3 cards","First 3 cards cannot be deleted; Validation prevents fewer than 3 cards","","","","","","","","","carousel-1,validation,minimum,cms","Carousel 1 Content"
"Verify Carousel 1 delete button only available after 3rd card","Validate that delete functionality is restricted to cards beyond minimum","functional_web","high","ready","Section has 5+ cards","Check delete button for cards 1-3","Cards 1-3 have no delete button","Check delete button for card 4+","Cards 4+ have delete button","Delete card 4","Deletion works instantly","","","","","carousel-1,delete-card,cms","Carousel 1 Content"
"Verify Carousel 1 publish validation for mandatory fields","Test that publish validation enforces all Carousel 1 requirements","functional_web","high","ready","Section has cards with incomplete data","Leave mandatory fields empty on visible cards","Fields are incomplete","Attempt to publish","Publish clicked","Observe validation","Validation blocks publishing; Error lists missing required fields for visible cards","","","","","carousel-1,validation,publish,cms","Carousel 1 Content"
"Verify Carousel 1 requires minimum 3 visible cards for publish","Validate that minimum visible cards validation works for Carousel 1","functional_web","high","ready","Section has cards but some hidden","Set only 2 cards to Show","Only 2 cards visible","Attempt to publish","Publish clicked","Observe validation","Validation prevents publishing; Error indicates minimum 3 visible cards needed","","","","","carousel-1,validation,visible-cards,cms","Carousel 1 Content"
"Verify section type displays fixed value Carousel 2","Test that Section Type field shows Carousel 2 as non-editable value","functional_web","low","ready","User opened editor for Carousel 2 section","Locate Section Type field","Field is visible","Verify value","Field displays Carousel 2; Field is read-only","","","","","","","carousel-2,section-type,cms","Carousel 2 Content"
"Verify Carousel 2 last status shows Draft or Published","Validate that status field updates correctly for Carousel 2","functional_web","medium","ready","Section has been saved","Check status after draft save","Status accurately reflects Draft","Check status after publish","Status reflects Published","","","","","","","carousel-2,status,cms","Carousel 2 Content"
"Verify emoji support in Carousel 2 fields","Test emoji insertion and saving in Carousel 2 fields","functional_web","medium","ready","Editor is open","Add emojis to title and SEO text","Emojis inserted","Save","Emojis insert and save without error","","","","","","","carousel-2,emoji,cms","Carousel 2 Content"
"Verify Carousel 2 section title is mandatory","Validate section title validation for Carousel 2","functional_web","high","ready","Editor is open","Leave section title blank","Title is empty","Attempt to publish","Publish clicked","Observe validation","Validation blocks publish with error message","","","","","carousel-2,validation,title,cms","Carousel 2 Content"
"Verify Carousel 2 section subtitle is optional","Test that subtitle can be omitted in Carousel 2","functional_web","medium","ready","Editor is open","Leave subtitle empty","Subtitle blank","Complete required fields and publish","Required fields filled and published","Verify result","Publishes successfully without subtitle","","","","","carousel-2,subtitle,optional,cms","Carousel 2 Content"
"Verify Carousel 2 card visibility toggle","Validate card show/hide toggle functionality for Carousel 2","functional_web","high","ready","Multiple cards exist","Toggle card to Hide","Card hidden","Publish and check frontend","Hidden cards do not appear on frontend","","","","","","","carousel-2,toggle,visibility,cms","Carousel 2 Content"
"Verify Carousel 2 image upload with 100x100px PNG","Test image validation for Carousel 2 cards","functional_web","high","ready","Card editor is open","Upload invalid format","Invalid uploads rejected","Upload oversized image","Oversized rejected","Upload valid 100x100px PNG","Valid PNG uploads and displays correctly","","","","","carousel-2,upload,image,validation,cms","Carousel 2 Content"
"Verify Carousel 2 card title is mandatory","Validate card title requirement for Carousel 2","functional_web","high","ready","Card is set to Show","Leave title empty","Title blank","Attempt to publish","Publish clicked","Observe validation","Validation prevents publishing with error","","","","","carousel-2,validation,title,cms","Carousel 2 Content"
"Verify Carousel 2 SEO text is mandatory for visible cards","Test SEO text validation for visible Carousel 2 cards","functional_web","high","ready","Card is visible","Leave SEO text empty","Text blank","Try to publish","Publish clicked","Observe validation","Publish blocked with validation error","","","","","carousel-2,validation,seo-text,cms","Carousel 2 Content"
"Verify Carousel 2 rich-text editor functions","Validate that all formatting works in Carousel 2 SEO text","functional_web","medium","ready","SEO text field is active","Apply various formatting","Formatting applied","Save and check frontend","All formatting options work correctly","","","","","","","carousel-2,rich-text,formatting,cms","Carousel 2 Content"
"Verify Carousel 2 allows unlimited cards","Test that unlimited cards can be added to Carousel 2","functional_web","medium","ready","Section has 3 cards","Add 10+ cards","Cards added successfully","Verify no limit","No limit enforced on card count","","","","","","","carousel-2,add-card,unlimited,cms","Carousel 2 Content"
"Verify Carousel 2 requires minimum 3 cards","Validate minimum card requirement for Carousel 2","functional_web","high","ready","New section with 3 cards","Attempt to delete first 3 cards","First 3 cards cannot be deleted","","","","","","","","","carousel-2,validation,minimum,cms","Carousel 2 Content"
"Verify Carousel 2 delete only for cards beyond 3rd","Test delete restriction for Carousel 2 cards","functional_web","high","ready","Section has 5 cards","Check delete availability for all cards","Delete only available for cards 4+","Delete 4th card","Deletion works instantly","","","","","","","carousel-2,delete-card,cms","Carousel 2 Content"
"Verify Carousel 2 publish validation","Validate publish validation for Carousel 2","functional_web","high","ready","Cards have incomplete data","Leave required fields empty on visible cards","Fields incomplete","Try to publish","Publish clicked","Observe validation","Validation blocks with clear error messages","","","","","carousel-2,validation,publish,cms","Carousel 2 Content"
"Verify Carousel 2 requires 3 visible cards for publish","Test minimum visible cards validation for Carousel 2","functional_web","high","ready","Section has cards with some hidden","Show only 2 cards","Only 2 visible","Attempt to publish","Publish clicked","Observe validation","Publish prevented with minimum visible cards error","","","","","carousel-2,validation,visible-cards,cms","Carousel 2 Content"
"Verify Accordions section type displays correctly","Test that Section Type shows Accordions as read-only","functional_web","low","ready","Accordions section editor is open","Check Section Type field","Field visible","Verify value","Displays Accordions as read-only","","","","","","","accordions,section-type,cms","Accordions Content"
"Verify Accordions last status accuracy","Validate status updates for Accordions section","functional_web","medium","ready","Section has been saved/published","Verify status after various actions","Status updates correctly to Draft or Published","","","","","","","","","accordions,status,cms","Accordions Content"
"Verify emoji support in Accordions","Test emoji functionality in Accordions fields","functional_web","medium","ready","Editor is open","Add emojis to fields","Emojis inserted","Save","Emojis work without errors","","","","","","","accordions,emoji,cms","Accordions Content"
"Verify Accordions section title is mandatory","Validate section title requirement for Accordions","functional_web","high","ready","Editor is open","Leave title blank","Title empty","Try to publish","Publish clicked","Observe validation","Validation blocks publish","","","","","accordions,validation,title,cms","Accordions Content"
"Verify Accordions section subtitle is optional","Test that subtitle is optional for Accordions","functional_web","medium","ready","Editor is open","Leave subtitle empty","Subtitle blank","Publish with complete required fields","Required fields filled","Verify result","Publishes successfully","","","","","accordions,subtitle,optional,cms","Accordions Content"
"Verify Accordions show/hide toggle","Validate accordion visibility toggle functionality","functional_web","high","ready","Multiple accordions exist","Toggle accordion to Hide","Accordion hidden","Publish and check frontend","Hidden accordions not shown on frontend","","","","","","","accordions,toggle,visibility,cms","Accordions Content"
"Verify Accordions title is mandatory","Test accordion title validation","functional_web","high","ready","Accordion is visible","Leave accordion title empty","Title blank","Try to publish","Publish clicked","Observe validation","Publish blocked with error","","","","","accordions,validation,title,cms","Accordions Content"
"Verify Accordions SEO text is mandatory for visible items","Validate SEO text requirement for visible accordions","functional_web","high","ready","Accordion is set to Show","Leave SEO text empty","Text blank","Attempt to publish","Publish clicked","Observe validation","Validation prevents publishing","","","","","accordions,validation,seo-text,cms","Accordions Content"
"Verify Accordions SEO text rich-text editor","Test formatting options in Accordions SEO text","functional_web","medium","ready","SEO text editor active","Apply formatting","Formatting applied","Save and check frontend","All formatting works correctly","","","","","","","accordions,rich-text,formatting,cms","Accordions Content"
"Verify unlimited accordions can be added","Validate unlimited accordion addition","functional_web","medium","ready","Section has 3 accordions","Add 10+ accordions","Accordions added","Verify no limit","No limit enforced","","","","","","","accordions,add-accordion,unlimited,cms","Accordions Content"
"Verify accordions after 5th appear in view all drawer on frontend","Test that extra accordions show in drawer on frontend","functional_web","high","ready","Section has 6+ accordions published","Add 6th accordion","Accordion added","Publish","Content published","Check frontend","6th accordion appears in View All drawer on frontend","","","","","accordions,view-all,frontend","Accordions Content"
"Verify minimum 3 accordions required","Test minimum accordion count enforcement","functional_web","high","ready","New section with 3 accordions","Try to delete first 3","First 3 cannot be deleted","Verify validation","Minimum accordion count enforced","","","","","","","accordions,validation,minimum,cms","Accordions Content"
"Verify delete only available for accordions beyond 3rd","Validate delete restriction for accordions","functional_web","high","ready","Section has 5 accordions","Check delete availability","Delete only available for 4th+ accordions","","","","","","","","","accordions,delete-accordion,cms","Accordions Content"
"Verify Accordions publish validation","Test publish validation for Accordions","functional_web","high","ready","Accordions have incomplete data","Leave required fields empty","Fields incomplete","Try to publish","Publish clicked","Observe validation","Validation blocks with error messages","","","","","accordions,validation,publish,cms","Accordions Content"
"Verify minimum 3 visible accordions for publish","Validate minimum visible accordions requirement","functional_web","high","ready","Some accordions are hidden","Show only 2 accordions","Only 2 visible","Attempt to publish","Publish clicked","Observe validation","Publish prevented with error","","","","","accordions,validation,visible-items,cms","Accordions Content"
"Verify Table section type displays correctly","Test Section Type field for Table","functional_web","low","ready","Table section editor is open","Check Section Type field","Field visible","Verify value","Displays Table as read-only","","","","","","","table,section-type,cms","Table Content"
"Verify Table last status shows Draft or Published","Validate status field for Table section","functional_web","medium","ready","Table has been saved","Check status after save","Status reflects Draft","Check status after publish","Status reflects Published correctly","","","","","","","table,status,cms","Table Content"
"Verify emoji support in Table cells","Test emoji functionality in Table","functional_web","medium","ready","Table is displayed","Add emojis to various cells","Emojis inserted","Save","Emojis work in all cells","","","","","","","table,emoji,cms","Table Content"
"Verify rich-text editor in all Table input fields","Validate formatting support in Table cells","functional_web","medium","ready","Table cells are editable","Apply formatting in multiple cells","Bold, italic, underline, highlight applied","Add bullets and links","Lists and links work","Save and check frontend","Bold, italic, underline, highlight, bullets, links all work; Outputs display correctly on frontend","","","table,rich-text,formatting,cms","Table Content"
"Verify Table initializes with minimum 3x3 grid","Test that Table starts with required minimum size","functional_web","medium","ready","New Table section is created","Observe initial table structure","Table has at least 3 columns and 3 rows","Verify grid size","Minimum grid size enforced","","","","","","","table,initialization,minimum,cms","Table Content"
"Verify first 3 rows cannot be deleted","Validate minimum row requirement for Table","functional_web","high","ready","Table has 3+ rows","Attempt to delete first 3 rows","Delete not available for first 3 rows","Verify enforcement","Minimum rows enforced","","","","","","","table,validation,minimum-rows,cms","Table Content"
"Verify first 3 columns cannot be deleted","Test minimum column requirement for Table","functional_web","high","ready","Table has 3+ columns","Attempt to delete first 3 columns","Delete not available for first 3 columns","Verify enforcement","Minimum columns enforced","","","","","","","table,validation,minimum-columns,cms","Table Content"
"Verify Add New Row button adds rows dynamically","Validate row addition functionality for Table","functional_web","high","ready","Table exists with 3 rows","Click Add New Row","Button clicked","Verify new row appears","New rows are added successfully","Add multiple rows","Row addition works","","","","","table,add-row,cms","Table Content"
"Verify Delete Row button removes added rows","Test row deletion for Table","functional_web","high","ready","Table has 5+ rows","Delete 4th row","Row deleted","Verify removal","Row beyond 3rd is deleted successfully","","","","","","","table,delete-row,cms","Table Content"
"Verify Add New Column button adds columns dynamically","Validate column addition for Table","functional_web","high","ready","Table exists with 3 columns","Click Add New Column","Button clicked","Verify new column appears","New columns are added successfully","","","","","","","table,add-column,cms","Table Content"
"Verify Delete Column button removes added columns","Test column deletion for Table","functional_web","high","ready","Table has 5+ columns","Delete 4th column","Column deleted","Verify removal","Column beyond 3rd is deleted successfully","","","","","","","table,delete-column,cms","Table Content"
"Verify Show/Hide Column toggle","Validate column visibility toggle for Table","functional_web","high","ready","Table has multiple columns","Toggle column to Hide","Column hidden","Publish","Content published","Check frontend","Hidden columns do not appear on frontend but remain editable in CMS","","","","","table,toggle,column-visibility,cms","Table Content"
"Verify Table publish validation for mandatory fields","Test publish validation for Table content","functional_web","high","ready","Table has empty cells","Leave required cells empty","Cells empty","Try to publish","Publish clicked","Observe validation","Validation prevents publishing with error","","","","","table,validation,publish,cms","Table Content"
"Verify language table displays all added languages","Validate that language list shows all added languages","functional_web","medium","ready","Navigate to Language Management for a destination","Observe language table","Table displays all languages admin has added","","","","","","","","","language,table,cms","Language Management"
"Verify language search filters by name","Test language search functionality","functional_web","medium","ready","Language table has multiple entries","Type partial language name in search","Search field accepts input","Observe filtering","Search filters results instantly with partial matches","","","","","","","language,search,cms","Language Management"
"Verify language table default alphabetical sorting","Validate default sorting for language table","functional_web","low","ready","Multiple languages exist","Load language table","Table loads","Observe order","Languages sorted alphabetically (A-Z)","","","","","","","language,sorting,cms","Language Management"
"Verify Add New Language button opens entry form","Test Add New Language button functionality","functional_web","high","ready","Language table is displayed","Click Add New Language","Button clicked","Observe result","Language entry form/dialog opens","","","","","","","language,add-language,dialog,cms","Language Management"
"Verify language status toggle between Live and Hidden","Validate language visibility toggle on frontend","functional_web","high","ready","Language exists with complete translations","Toggle language status","Status toggled","Check frontend","Live languages appear on frontend; Hidden languages do not appear","","","","","","","language,status,toggle,frontend","Language Management"
"Verify status toggle disabled when translation incomplete","Test that incomplete translations prevent going live","functional_web","high","ready","Language has incomplete translations","Attempt to toggle status to Live","Toggle is disabled/locked at Hidden","Verify state","Cannot set to Live until complete","","","","","","","language,status,toggle,disabled,cms","Language Management"
"Verify Edit action opens language content editor","Validate Edit button for languages","functional_web","high","ready","Multiple languages exist","Click Edit for a language","Edit clicked","Observe navigation","Editor opens for selected language","","","","","","","language,edit,cms","Language Management"
"Verify Delete action removes language permanently","Test language deletion functionality","functional_web","high","ready","Test language exists","Delete language","Delete clicked","Confirm deletion","Language removed from CMS and frontend","","","","","","","language,delete,cms","Language Management"
"Verify error state for language search with no results","Validate error message for empty language search results","functional_web","medium","ready","Language table has data","Search for non-existent language","Search entered","Observe result","System shows No results found","","","","","","","language,search,error,cms","Language Management"
"Verify sections table shows only published English sections","Test that translation interface only shows published sections","functional_web","high","ready","Navigate to specific language editor","Observe sections table","Table visible","Verify content","Table only displays sections that are PUBLISHED (not draft) in English","","","","","","","language,translation,sections,cms","Language Management"
"Verify Complete/Incomplete status in sections table","Validate translation progress status display","functional_web","medium","ready","Multiple sections with varying translation progress","Observe Complete/Incomplete status for sections","Status shows Complete only when all fields translated; Incomplete shown when any field untranslated","","","","","","","","","language,translation,status,cms","Language Management"
"Verify last activity timestamp updates on save","Test that timestamp updates correctly for translations","functional_web","low","ready","Section translations exist","Edit and save a section translation","Changes saved","Check last activity","Timestamp updates to current time after save","","","","","","","language,translation,timestamp,cms","Language Management"
"Verify Edit action opens section translation editor","Validate Edit navigation for section translations","functional_web","high","ready","Sections available for translation","Click Edit for a section","Edit clicked","Observe navigation","Section translation editor opens","","","","","","","language,translation,edit,cms","Language Management"
"Verify default sort by last activity","Test default sorting for translation sections","functional_web","low","ready","Multiple sections with different update times","Load sections table","Table loads","Observe order","Sorted by last activity (most recent first)","","","","","","","language,translation,sorting,cms","Language Management"
"Verify section type displays as read-only in translation editor","Validate Section Type field in translation interface","functional_web","low","ready","Open any section for translation","Check Section Type field","Field visible","Verify value and state","Displays section type (Vertical Tabs, Carousel 1, etc.) as read-only","","","","","","","language,translation,section-type,cms","Language Management"
"Verify last status shows Incomplete or Complete","Test translation status field updates","functional_web","medium","ready","Section translation in progress","Check status with incomplete translations","Status shows Incomplete when any field empty","Complete all fields and check status","Status shows Complete when all fields translated","","","","","","","language,translation,status,cms","Language Management"
"Verify tabs display translation sections correctly","Validate tab structure in translation editor","functional_web","medium","ready","Section has multiple content areas","Check available tabs","Tabs correspond to section content structure","Navigate between tabs","Navigation between tabs works","","","","","","","language,translation,tabs,cms","Language Management"
"Verify published English version shows read-only content","Test that English reference is displayed correctly","functional_web","medium","ready","English published content exists","View Published English Version tab","Tab displays content","Verify content","Displays English content as read-only; Shows published version (not draft)","","","","","","","language,translation,english-reference,cms","Language Management"
"Verify incomplete fields have red border","Validate visual indicator for untranslated fields","functional_web","medium","ready","Some translation fields are empty","Observe untranslated fields","Empty/untranslated fields have red border","","","","","","","","","language,translation,visual-indicator,cms","Language Management"
"Verify completed fields have green border","Test visual indicator for translated fields","functional_web","medium","ready","Some fields have translations","Fill in translation fields","Fields filled","Observe border color","Translated fields have green border","","","","","","","language,translation,visual-indicator,cms","Language Management"
"Verify rich-text editor in translation fields","Validate formatting support in translation editor","functional_web","medium","ready","Translation field is active","Apply formatting to translated text","Bold, italic, underline, highlight, bullets, links all work","","","","","","","","","language,translation,rich-text,cms","Language Management"
"Verify Save button saves translation progress","Test that Save preserves translation work","functional_web","critical","ready","Translation fields have content","Enter translations","Translations entered","Click Save","Content is saved","Navigate away and return","Progress persists when returning","","","","","language,translation,save,cms","Language Management"
"Verify auto-save functionality for translations","Validate auto-save prevents translation data loss","functional_web","high","ready","User is entering translations","Enter content","Content entered","Wait for auto-save interval","Content auto-saves at specified interval","","","","","","","language,translation,auto-save,cms","Language Management"
"Verify eSIMs section appears at top of page on desktop","Validate desktop layout change for eSIM section positioning","functional_web","high","ready","Navigate to destination page on desktop","Observe eSIM section position","eSIMs section appears next to image at top; Position matches new design (not below copywriting)","","","","","","","","","desktop,layout,esim,frontend","Desktop Frontend Validation"
"Verify sticky chips behavior after scroll on desktop","Test sticky navigation chips on desktop","functional_web","medium","ready","Scroll down destination page","Scroll past certain threshold","Scrolling occurs","Observe chip behavior","Chips become fixed/sticky at top of page; Chips do not overlap other UI elements","","","","","","","desktop,navigation,sticky-chips,frontend","Desktop Frontend Validation"
"Verify chip auto-scroll to section on desktop","Validate chip navigation functionality on desktop","functional_web","high","ready","Destination page with multiple sections loaded","Click a chip","Chip clicked","Observe page behavior","Page smoothly scrolls to corresponding section; Correct section is always in view","","","","","","","desktop,navigation,auto-scroll,frontend","Desktop Frontend Validation"
"Verify language change button functionality on desktop","Test language switching on desktop frontend","functional_web","high","ready","Admin has published multiple languages for destination","Locate language selector","Selector visible","Select different language","Dropdown shows available languages","Observe content change","Selecting language updates all text instantly","","","","","desktop,language,frontend","Desktop Frontend Validation"
"Verify language button hidden when no alternatives on desktop","Validate that language button hides appropriately on desktop","functional_web","medium","ready","Admin has not completed other languages","Check for language selector","Language button is hidden; No language options displayed","","","","","","","","","desktop,language,hidden,frontend","Desktop Frontend Validation"
"Verify vertical tabs display with default active tab on desktop","Test Vertical Tabs default state on desktop","functional_web","medium","ready","Navigate to destination with Vertical Tabs section","Observe Vertical Tabs section on load","First tab is active by default; Tab switching works without errors","","","","","","","","","desktop,vertical-tabs,default,frontend","Desktop Frontend Validation"
"Verify active/inactive styling for vertical tabs on desktop","Validate tab styling differentiation on desktop","functional_web","low","ready","Vertical Tabs section is visible","Click different tabs","Tabs switch","Observe styling changes","Active tab is highlighted clearly; Inactive tabs are visibly distinct","","","","","","","desktop,vertical-tabs,styling,frontend","Desktop Frontend Validation"
"Verify smooth transition when switching tabs on desktop","Test transition quality for vertical tabs on desktop","functional_web","medium","ready","Vertical Tabs section displayed","Click between tabs rapidly","Rapid clicking","Observe transitions","Content changes instantly or with smooth animation; No layout break or flicker occurs","","","","","","","desktop,vertical-tabs,transition,frontend","Desktop Frontend Validation"
"Verify vertical tabs responsive layout on desktop","Validate Vertical Tabs responsiveness on desktop sizes","functional_web","medium","ready","Resize browser window to various desktop sizes","Test at multiple desktop resolutions","Tabs adapt to screen size; Content fits without overflow","","","","","","","","","desktop,vertical-tabs,responsive,frontend","Desktop Frontend Validation"
"Verify pop-up opens for overwritten text in vertical tabs on desktop","Test pop-up functionality for lengthy content on desktop","functional_web","medium","ready","Vertical Tabs with lengthy SEO text","Tap/click text trigger on card","Click registered","Observe pop-up","Pop-up opens correctly; Content displayed without truncation","","","","","","","desktop,vertical-tabs,popup,frontend","Desktop Frontend Validation"
"Verify vertically scrolling overwritten text in frame on desktop","Validate vertical scrolling in text pop-up on desktop","functional_web","medium","ready","Pop-up contains long text content","Open pop-up with long text","Pop-up opens","Attempt to scroll within frame","Text scrolls vertically inside frame; No clipping occurs","","","","","","","desktop,vertical-tabs,scroll,frontend","Desktop Frontend Validation"
"Verify Carousel 1 displays cards with image title and description on desktop","Test Carousel 1 card rendering on desktop","functional_web","medium","ready","Navigate to Carousel 1 section","Observe carousel cards","Each card displays image, title, and description; All fields populated correctly","","","","","","","","","desktop,carousel-1,cards,frontend","Desktop Frontend Validation"
"Verify Carousel 1 navigation arrows on desktop","Validate arrow navigation for Carousel 1 on desktop","functional_web","medium","ready","Carousel 1 with multiple cards","Click left arrow","Arrow clicked; Arrows shift carousel items correctly","Click right arrow","Arrow clicked; Navigation is smooth","","","","","","","desktop,carousel-1,navigation,frontend","Desktop Frontend Validation"
"Verify Carousel 1 responsive item display on desktop","Test Carousel 1 responsiveness on desktop","functional_web","medium","ready","Resize browser window","Test at various desktop sizes","Number of visible cards adjusts appropriately; Layout remains clean","","","","","","","","","desktop,carousel-1,responsive,frontend","Desktop Frontend Validation"
"Verify Carousel 1 images maintain aspect ratio on desktop","Validate image aspect ratio for Carousel 1 on desktop","functional_web","medium","ready","Carousel with various images loaded","Observe images at different sizes","All images proportional; No stretching or squishing","","","","","","","","","desktop,carousel-1,images,frontend","Desktop Frontend Validation"
"Verify Carousel 1 tapping shows SEO text on desktop","Test tap interaction for Carousel 1 on desktop","functional_web","high","ready","Carousel 1 cards are displayed","Click/tap a card","Card clicked","Observe SEO text display","Associated SEO text appears as designed","","","","","","","desktop,carousel-1,interaction,frontend","Desktop Frontend Validation"
"Verify Carousel 1 SEO text scrolls vertically on desktop","Validate SEO text scrolling for Carousel 1 on desktop","functional_web","medium","ready","Card with long SEO text","Open SEO text","Text displayed","Scroll within frame","Text scrolls vertically without clipping","","","","","","","desktop,carousel-1,scroll,frontend","Desktop Frontend Validation"
"Verify Carousel 2 displays cards correctly on desktop","Test Carousel 2 card display on desktop","functional_web","medium","ready","Navigate to Carousel 2 section","Observe cards","Cards contain text/structured info; Formatting is correct","","","","","","","","","desktop,carousel-2,cards,frontend","Desktop Frontend Validation"
"Verify Carousel 2 navigation arrows on desktop","Validate Carousel 2 arrow navigation on desktop","functional_web","medium","ready","Carousel 2 with multiple cards","Use navigation arrows","Arrows cycle through cards correctly","","","","","","","","","desktop,carousel-2,navigation,frontend","Desktop Frontend Validation"
"Verify Carousel 2 responsive display on desktop","Test Carousel 2 responsiveness on desktop","functional_web","medium","ready","Resize browser window","Test at various sizes","Visible card count adjusts; Swipe works on smaller screens","","","","","","","","","desktop,carousel-2,responsive,frontend","Desktop Frontend Validation"
"Verify Carousel 2 SEO text scrolls vertically on desktop","Validate vertical scrolling for Carousel 2 on desktop","functional_web","medium","ready","Card with lengthy text","Access card content","Content displayed","Scroll text","Text scrolls vertically in frame","","","","","","","desktop,carousel-2,scroll,frontend","Desktop Frontend Validation"
"Verify Carousel 2 images maintain aspect ratio on desktop","Test image aspect ratio for Carousel 2 on desktop","functional_web","medium","ready","Carousel 2 with images","Observe images at various sizes","Images remain proportional","","","","","","","","","desktop,carousel-2,images,frontend","Desktop Frontend Validation"
"Verify Accordions expand and collapse on desktop","Test accordion expand/collapse on desktop","functional_web","high","ready","Navigate to Accordions section","Click accordion header","Accordion opens","Click again to collapse","Accordion toggles open/close; No errors occur","","","","","","","desktop,accordions,expand-collapse,frontend","Desktop Frontend Validation"
"Verify Accordions open/closed indicator on desktop","Validate state indicator for accordions on desktop","functional_web","low","ready","Accordions section visible","Expand accordion","Accordion opens","Observe indicator","Icon/arrow shows state correctly","Collapse and observe","Rotates or changes based on state","","","","","desktop,accordions,indicator,frontend","Desktop Frontend Validation"
"Verify single open mode for Accordions on desktop","Test that only one accordion opens at a time on desktop","functional_web","medium","ready","Multiple accordions exist","Open first accordion","First opens","Open second accordion","Second opens","Observe first accordion","Opening second closes first; Only one open at a time","","","","","desktop,accordions,single-open,frontend","Desktop Frontend Validation"
"Verify Accordions responsive display on desktop","Validate accordion responsiveness on desktop","functional_web","medium","ready","Resize browser window","Test at various sizes","Accordions adapt width appropriately","","","","","","","","","desktop,accordions,responsive,frontend","Desktop Frontend Validation"
"Verify View More drawer for Accordions beyond 5 on desktop","Test View More functionality for extra accordions on desktop","functional_web","high","ready","Section has 6+ accordions published","Observe initial display","First 5 accordions visible initially","Click View More","View More expands to reveal additional accordions","","","","","","","desktop,accordions,view-more,frontend","Desktop Frontend Validation"
"Verify Table displays structured columns and rows on desktop","Test Table rendering on desktop","functional_web","medium","ready","Navigate to Table section","Observe table structure","Data displayed in organized rows and columns; All defined data visible","","","","","","","","","desktop,table,structure,frontend","Desktop Frontend Validation"
"Verify Table horizontal scroll on desktop","Validate horizontal scrolling for Table on desktop","functional_web","medium","ready","Table with many columns","Attempt horizontal scroll if needed","Table scrolls horizontally on smaller screens; No overflow issues","","","","","","","","","desktop,table,scroll,frontend","Desktop Frontend Validation"
"Verify SEO text default compressed state on desktop","Test SEO text default display state on desktop","functional_web","medium","ready","Navigate to SEO text section","Observe initial text display","Text is truncated showing only preview; Few lines visible","","","","","","","","","desktop,seo-text,default,frontend","Desktop Frontend Validation"
"Verify SEO text View More button expands content on desktop","Validate View More expansion for SEO text on desktop","functional_web","high","ready","SEO text section with compressed text","Click View More button","Button clicked","Observe expansion","Text expands to show full content; Button toggles if required","","","","","","","desktop,seo-text,view-more,frontend","Desktop Frontend Validation"
"Verify eSIMs section appears below image on mobile","Test mobile layout positioning for eSIM section","functional_web","high","ready","Navigate to destination page on mobile device","Observe eSIM section position","eSIMs appear below image; Placement matches mobile design","","","","","","","","","mobile,layout,esim,frontend","Mobile Frontend Validation"
"Verify language change functionality on mobile","Test language switching on mobile","functional_web","high","ready","Multiple languages published","Access language selector","Selector accessible","Change language","Dropdown shows available languages; Content updates instantly","","","","","","","mobile,language,frontend","Mobile Frontend Validation"
"Verify language button hidden when no alternatives on mobile","Validate language button visibility on mobile","functional_web","medium","ready","No alternative languages published","Check for language button","Language button is hidden","","","","","","","","","mobile,language,hidden,frontend","Mobile Frontend Validation"
"Verify sticky chips after scroll on mobile","Test sticky chip behavior on mobile","functional_web","medium","ready","Scroll down destination page on mobile","Scroll past threshold","Scrolling occurs","Observe chips","Chips remain fixed at top; No UI overlap occurs","","","","","","","mobile,navigation,sticky-chips,frontend","Mobile Frontend Validation"
"Verify horizontal scrolling of chips on mobile","Validate horizontal chip scrolling on mobile","functional_web","medium","ready","More chips than fit on screen","Swipe chips horizontally","Chips scroll horizontally; All chips accessible","","","","","","","","","mobile,navigation,chips-scroll,frontend","Mobile Frontend Validation"
"Verify chip auto-scroll to section on mobile","Test chip navigation on mobile","functional_web","high","ready","Multiple sections on page","Tap a chip","Chip tapped","Observe scrolling","Page scrolls smoothly to section; Correct section in view","","","","","","","mobile,navigation,auto-scroll,frontend","Mobile Frontend Validation"
"Verify vertical tabs display as carousel on mobile","Test Vertical Tabs carousel display on mobile","functional_web","high","ready","Navigate to Vertical Tabs section","Observe display format","Tabs display as carousel on mobile; Default card shown","","","","","","","","","mobile,vertical-tabs,carousel,frontend","Mobile Frontend Validation"
"Verify swipe navigation for vertical tabs on mobile","Validate swipe gesture for vertical tabs on mobile","functional_web","high","ready","Vertical tabs carousel visible","Swipe left/right","Content changes based on swipe direction; Transitions are smooth","","","","","","","","","mobile,vertical-tabs,swipe,frontend","Mobile Frontend Validation"
"Verify navigation arrows for vertical tabs on mobile","Test arrow navigation for vertical tabs on mobile","functional_web","medium","ready","Carousel with arrows displayed","Tap left/right arrows","Arrows shift carousel items; Navigation is responsive","","","","","","","","","mobile,vertical-tabs,navigation,frontend","Mobile Frontend Validation"
"Verify pop-up for overwritten text on mobile vertical tabs","Test pop-up functionality on mobile","functional_web","medium","ready","Card with lengthy text","Tap text trigger","Pop-up opens; Content not truncated","","","","","","","","","mobile,vertical-tabs,popup,frontend","Mobile Frontend Validation"
"Verify mobile Carousel 1 card content display","Test Carousel 1 card rendering on mobile","functional_web","medium","ready","Navigate to Carousel 1","Observe cards","Cards display image, title, description correctly","","","","","","","","","mobile,carousel-1,cards,frontend","Mobile Frontend Validation"
"Verify mobile Carousel 1 images maintain aspect ratio","Validate image aspect ratio for Carousel 1 on mobile","functional_web","medium","ready","Carousel with images","Observe images","Images remain proportional","","","","","","","","","mobile,carousel-1,images,frontend","Mobile Frontend Validation"
"Verify mobile Carousel 1 tapping interaction","Test tap interaction for Carousel 1 on mobile","functional_web","high","ready","Carousel cards displayed","Tap a card","SEO text appears as designed","","","","","","","","","mobile,carousel-1,interaction,frontend","Mobile Frontend Validation"
"Verify mobile Carousel 1 SEO text vertical scroll","Validate SEO text scrolling for Carousel 1 on mobile","functional_web","medium","ready","Card with long SEO text","Access text","Text displayed","Scroll vertically","Text scrolls in frame correctly","","","","","","","mobile,carousel-1,scroll,frontend","Mobile Frontend Validation"
"Verify mobile Carousel 2 card display","Test Carousel 2 card rendering on mobile","functional_web","medium","ready","Navigate to Carousel 2","Observe cards","Cards display formatted text correctly","","","","","","","","","mobile,carousel-2,cards,frontend","Mobile Frontend Validation"
"Verify mobile Carousel 2 SEO text vertical scroll","Validate vertical scrolling for Carousel 2 on mobile","functional_web","medium","ready","Card with lengthy content","Access and scroll text","Text scrolls vertically in frame","","","","","","","","","mobile,carousel-2,scroll,frontend","Mobile Frontend Validation"
"Verify mobile Carousel 2 images maintain aspect ratio","Test image aspect ratio for Carousel 2 on mobile","functional_web","medium","ready","Carousel with images","Observe images","Images remain proportional","","","","","","","","","mobile,carousel-2,images,frontend","Mobile Frontend Validation"
"Verify mobile Accordions expand/collapse","Test accordion interaction on mobile","functional_web","high","ready","Navigate to Accordions","Tap header to expand","Accordion opens","Tap to collapse","Accordion toggles correctly","","","","","","","mobile,accordions,expand-collapse,frontend","Mobile Frontend Validation"
"Verify mobile Accordions open/closed indicator","Validate state indicator for accordions on mobile","functional_web","low","ready","Accordions visible","Expand accordion","Accordion opens","Observe indicator","Indicator shows state correctly","","","","","","","mobile,accordions,indicator,frontend","Mobile Frontend Validation"
"Verify mobile Accordions single open mode","Test single open behavior for accordions on mobile","functional_web","medium","ready","Multiple accordions exist","Open first","First opens","Open second","Opening second closes first","","","","","","","mobile,accordions,single-open,frontend","Mobile Frontend Validation"
"Verify mobile View More drawer for extra Accordions","Test View More drawer for accordions on mobile","functional_web","high","ready","6+ accordions published","Check initial display","First 5 visible","Tap View More","Drawer reveals additional","","","","","","","mobile,accordions,view-more,frontend","Mobile Frontend Validation"
"Verify mobile Table structured display","Test Table rendering on mobile","functional_web","medium","ready","Navigate to Table section","Observe table","Rows and columns organized correctly","","","","","","","","","mobile,table,structure,frontend","Mobile Frontend Validation"
"Verify mobile Table horizontal scroll","Validate horizontal scrolling for Table on mobile","functional_web","high","ready","Table with many columns","Swipe horizontally","Table scrolls correctly","","","","","","","","","mobile,table,scroll,frontend","Mobile Frontend Validation"
"Verify mobile Table sticky first column","Test sticky column feature for Table on mobile","functional_web","medium","ready","Table with multiple columns","Scroll horizontally","Columns scroll","Observe first column","First column remains fixed; Other columns scroll","","","","","","","mobile,table,sticky-column,frontend","Mobile Frontend Validation"
"Verify mobile SEO text default compressed state","Test SEO text default state on mobile","functional_web","medium","ready","Navigate to SEO text section","Observe text display","Text truncated to preview","","","","","","","","","mobile,seo-text,default,frontend","Mobile Frontend Validation"
"Verify mobile SEO text View More expansion","Validate View More functionality for SEO text on mobile","functional_web","high","ready","SEO text compressed","Tap View More","Text expands fully; Button toggles if needed","","","","","","","","","mobile,seo-text,view-more,frontend","Mobile Frontend Validation"